-- Inserindo usuário admin
INSERT INTO users(name, username, password, enabled) VALUES('Admin', 'admin@email.com.br', '$2a$10$I0hNev65Kkv4VfETs0dMmuf3nbZDooKYkPcGnPsLjvkhMYfBKe7Oi', true)
INSERT INTO users(name, username, password, enabled) VALUES('Edson Mendes', 'edson@email.com', '$2a$10$qDbb.BSLobhArL962R0pbuRTWGshQtNk8uksiOj8jfDjHBsnokXRi', true)
INSERT INTO users(name, username, password, enabled) VALUES('Kira', 'kira@email.com', '$2a$10$OhZSfpLHNPgo0wAs8YWPJ.yxUYq/H9herwieoz1oGuO1Co0Db.tBi', true)
INSERT INTO users(name, username, password, enabled) VALUES('Débora Baggio', 'debora@email.com', '$2a$10$3vBVd/aZ.Q0NppZqKaoQmewPENokhNDyehIlnSj5SsdDNMZsQcUkW', true)
INSERT INTO users(name, username, password, enabled) VALUES('Mei', 'mei@email.com', '$2a$10$1DXdB4S8jHvQ2J6SAHRcGemrbfIhn1YCgyK8jHO3VkAICoUMyAqA6', true)

-- Inserindo Authorities
INSERT INTO authorities(username, authority) VALUES('admin@email.com.br', 'ADMIN')
INSERT INTO authorities(username, authority) VALUES('edson@email.com', 'USER')
INSERT INTO authorities(username, authority) VALUES('kira@email.com', 'USER')
INSERT INTO authorities(username, authority) VALUES('debora@email.com', 'USER')
INSERT INTO authorities(username, authority) VALUES('mei@email.com', 'USER')

-- Inserindo os Bancos
INSERT INTO bank(id, name) VALUES (001, 'BANCO DO BRASIL')
INSERT INTO bank(id, name) VALUES (237, 'BANCO BRADESCO')
INSERT INTO bank(id, name) VALUES (260, 'NUBANK')
INSERT INTO bank(id, name) VALUES (380, 'PICPAY')
INSERT INTO bank(id, name) VALUES (323, 'MERCADO PAGO')
INSERT INTO bank(id, name) VALUES (077, 'BANCO INTER')
INSERT INTO bank(id, name) VALUES (341, 'BANCO ITAU')
INSERT INTO bank(id, name) VALUES (104, 'CAIXA ECONOMICA FEDERAL')
INSERT INTO bank(id, name) VALUES (033, 'BANCO SANTANDER')
INSERT INTO bank(id, name) VALUES (041, 'BANCO BANRISUL')
INSERT INTO bank(id, name) VALUES (422, 'BANCO SAFRA')
INSERT INTO bank(id, name) VALUES (748, 'BANCO SICREDI')
INSERT INTO bank(id, name) VALUES (121, 'BANCO AGIBANK')
INSERT INTO bank(id, name) VALUES (208, 'BANCO BTG PACTUAL')
INSERT INTO bank(id, name) VALUES (623, 'BANCO PAN')
INSERT INTO bank(id, name) VALUES (069, 'BANCO CREFISA')
INSERT INTO bank(id, name) VALUES (336, 'BANCO C6')

-- Inserindo Branch
INSERT INTO branch(id, number, bank_id) VALUES (1, '0001', 1)
INSERT INTO branch(id, number, bank_id) VALUES (2, '0002', 1)
INSERT INTO branch(id, number, bank_id) VALUES (3, '1234', 237)
INSERT INTO branch(id, number, bank_id) VALUES (4, '5555', 380)
INSERT INTO branch(id, number, bank_id) VALUES (5, '6666', 260)
INSERT INTO branch(id, number, bank_id) VALUES (6, '4321', 41)
INSERT INTO branch(id, number, bank_id) VALUES (7, '1010', 104)

-- Inserindo Account
INSERT INTO account(id, number, branch_id) VALUES(1, '00001-1', 1)
INSERT INTO account(id, number, branch_id) VALUES(2, '00002-1', 1)
INSERT INTO account(id, number, branch_id) VALUES(3, '00003-1', 2)
INSERT INTO account(id, number, branch_id) VALUES(4, '00123-0', 3)
INSERT INTO account(id, number, branch_id) VALUES(5, '00124-0', 3)
INSERT INTO account(id, number, branch_id) VALUES(6, '04321-9', 4)
INSERT INTO account(id, number, branch_id) VALUES(7, '04320-9', 4)
INSERT INTO account(id, number, branch_id) VALUES(8, '54320-9', 5)
INSERT INTO account(id, number, branch_id) VALUES(9, '53320-9', 5)
INSERT INTO account(id, number, branch_id) VALUES(10, '52320-9', 5)
INSERT INTO account(id, number, branch_id) VALUES(11, '52330-9', 6)
INSERT INTO account(id, number, branch_id) VALUES(12, '52321-1', 7)
INSERT INTO account(id, number, branch_id) VALUES(13, '52322-2', 7)
INSERT INTO account(id, number, branch_id) VALUES(14, '52323-3', 7)

-- Inserindo Importation
INSERT INTO importation(id, import_date_time, transactions_date, user_id) VALUES(1, '2022-01-03 10:32:47', '2022-01-02', 2)
INSERT INTO importation(id, import_date_time, transactions_date, user_id) VALUES(2, '2022-01-03 14:11:21', '2022-01-05', 3)
INSERT INTO importation(id, import_date_time, transactions_date, user_id) VALUES(3, '2022-01-04 09:04:19', '2022-01-08', 3)

INSERT INTO importation(id, import_date_time, transactions_date, user_id) VALUES(4, '2022-02-25 12:58:49', '2022-02-19', 4)
INSERT INTO importation(id, import_date_time, transactions_date, user_id) VALUES(5, '2022-02-25 15:14:07', '2022-02-23', 2)
INSERT INTO importation(id, import_date_time, transactions_date, user_id) VALUES(6, '2022-02-27 14:46:22', '2022-02-25', 2)
INSERT INTO importation(id, import_date_time, transactions_date, user_id) VALUES(7, '2022-02-27 18:04:42', '2022-02-26', 2)

INSERT INTO importation(id, import_date_time, transactions_date, user_id) VALUES(8, '2022-03-04 11:04:02', '2022-03-01', 5)
INSERT INTO importation(id, import_date_time, transactions_date, user_id) VALUES(9, '2022-03-07 18:54:39', '2022-03-02', 2)
INSERT INTO importation(id, import_date_time, transactions_date, user_id) VALUES(10, '2022-03-11 06:04:17', '2022-03-04', 5)

-- Inserindo Transaction
INSERT INTO transaction(id, date_time, value, destination_account_id, origin_account_id) VALUES(1, '2022-01-02 07:30:00', 10000, 1, 2)
INSERT INTO transaction(id, date_time, value, destination_account_id, origin_account_id) VALUES(2, '2022-01-02 07:35:00', 20000, 1, 2)
INSERT INTO transaction(id, date_time, value, destination_account_id, origin_account_id) VALUES(3, '2022-01-02 07:40:00', 30000, 1, 2)
INSERT INTO transaction(id, date_time, value, destination_account_id, origin_account_id) VALUES(4, '2022-01-02 07:45:00', 15000, 1, 2)
INSERT INTO transaction(id, date_time, value, destination_account_id, origin_account_id) VALUES(5, '2022-01-02 07:50:00', 10000, 1, 2)
INSERT INTO transaction(id, date_time, value, destination_account_id, origin_account_id) VALUES(6, '2022-01-02 07:55:00', 10000, 1, 2)
INSERT INTO transaction(id, date_time, value, destination_account_id, origin_account_id) VALUES(7, '2022-01-02 07:55:00', 5000, 1, 3)
INSERT INTO transaction(id, date_time, value, destination_account_id, origin_account_id) VALUES(8, '2022-01-02 07:55:00', 1000, 1, 3)
INSERT INTO transaction(id, date_time, value, destination_account_id, origin_account_id) VALUES(9, '2022-01-02 07:55:00', 9000, 1, 3)
INSERT INTO transaction(id, date_time, value, destination_account_id, origin_account_id) VALUES(10, '2022-01-02 07:55:00', 8000, 1, 3)
INSERT INTO transaction(id, date_time, value, destination_account_id, origin_account_id) VALUES(11, '2022-01-02 07:55:00', 2000, 1, 3)

INSERT INTO transaction(id, date_time, value, destination_account_id, origin_account_id) VALUES(12, '2022-01-05 07:55:00', 100000, 4, 5)
INSERT INTO transaction(id, date_time, value, destination_account_id, origin_account_id) VALUES(13, '2022-01-05 07:55:00', 20000, 4, 5)
INSERT INTO transaction(id, date_time, value, destination_account_id, origin_account_id) VALUES(14, '2022-01-05 07:55:00', 20000000, 4, 5)
INSERT INTO transaction(id, date_time, value, destination_account_id, origin_account_id) VALUES(15, '2022-01-05 09:55:00', 2000000000, 4, 5)
INSERT INTO transaction(id, date_time, value, destination_account_id, origin_account_id) VALUES(16, '2022-01-05 09:55:00', 2000000, 4, 5)
INSERT INTO transaction(id, date_time, value, destination_account_id, origin_account_id) VALUES(17, '2022-01-05 09:55:00', 20000000, 4, 5)
INSERT INTO transaction(id, date_time, value, destination_account_id, origin_account_id) VALUES(18, '2022-01-05 08:55:00', 2000000000, 4, 5)
INSERT INTO transaction(id, date_time, value, destination_account_id, origin_account_id) VALUES(19, '2022-01-05 08:55:00', 2000000, 4, 5)
INSERT INTO transaction(id, date_time, value, destination_account_id, origin_account_id) VALUES(20, '2022-01-05 08:55:00', 200000000, 4, 5)

INSERT INTO transaction(id, date_time, value, destination_account_id, origin_account_id) VALUES(21, '2022-01-08 11:25:00', 100000, 6, 8)
INSERT INTO transaction(id, date_time, value, destination_account_id, origin_account_id) VALUES(22, '2022-01-08 11:25:00', 100000, 9, 7)
INSERT INTO transaction(id, date_time, value, destination_account_id, origin_account_id) VALUES(23, '2022-01-08 11:25:00', 100000, 6, 8)
INSERT INTO transaction(id, date_time, value, destination_account_id, origin_account_id) VALUES(24, '2022-01-08 11:25:00', 100000, 9, 7)
INSERT INTO transaction(id, date_time, value, destination_account_id, origin_account_id) VALUES(25, '2022-01-08 11:25:00', 100000, 6, 8)
INSERT INTO transaction(id, date_time, value, destination_account_id, origin_account_id) VALUES(26, '2022-01-08 11:25:00', 100000, 9, 7)
INSERT INTO transaction(id, date_time, value, destination_account_id, origin_account_id) VALUES(27, '2022-01-08 11:25:00', 100000, 6, 8)
INSERT INTO transaction(id, date_time, value, destination_account_id, origin_account_id) VALUES(28, '2022-01-08 11:25:00', 100000, 9, 7)
INSERT INTO transaction(id, date_time, value, destination_account_id, origin_account_id) VALUES(29, '2022-01-08 11:25:00', 100000, 6, 8)
INSERT INTO transaction(id, date_time, value, destination_account_id, origin_account_id) VALUES(30, '2022-01-08 11:25:00', 100000, 9, 7)
INSERT INTO transaction(id, date_time, value, destination_account_id, origin_account_id) VALUES(31, '2022-01-08 11:25:00', 100000, 6, 8)
INSERT INTO transaction(id, date_time, value, destination_account_id, origin_account_id) VALUES(32, '2022-01-08 11:25:00', 100000, 9, 7)

INSERT INTO transaction(id, date_time, value, destination_account_id, origin_account_id) VALUES(33, '2022-02-19 19:25:00', 100000, 11, 10)
INSERT INTO transaction(id, date_time, value, destination_account_id, origin_account_id) VALUES(34, '2022-02-19 19:25:00', 100000, 10, 11)
INSERT INTO transaction(id, date_time, value, destination_account_id, origin_account_id) VALUES(35, '2022-02-19 19:25:00', 100000, 12, 13)

INSERT INTO transaction(id, date_time, value, destination_account_id, origin_account_id) VALUES(36, '2022-02-23 17:25:00', 105600, 12, 13)
INSERT INTO transaction(id, date_time, value, destination_account_id, origin_account_id) VALUES(37, '2022-02-23 17:25:00', 105600, 12, 13)
INSERT INTO transaction(id, date_time, value, destination_account_id, origin_account_id) VALUES(38, '2022-02-23 17:25:00', 105600, 12, 13)
INSERT INTO transaction(id, date_time, value, destination_account_id, origin_account_id) VALUES(39, '2022-02-23 17:25:00', 105600, 12, 13)
INSERT INTO transaction(id, date_time, value, destination_account_id, origin_account_id) VALUES(40, '2022-02-23 17:25:00', 105600, 12, 13)
INSERT INTO transaction(id, date_time, value, destination_account_id, origin_account_id) VALUES(41, '2022-02-23 17:25:00', 105600, 12, 13)
INSERT INTO transaction(id, date_time, value, destination_account_id, origin_account_id) VALUES(42, '2022-02-23 17:25:00', 105600, 12, 13)
INSERT INTO transaction(id, date_time, value, destination_account_id, origin_account_id) VALUES(43, '2022-02-23 17:25:00', 105600, 12, 13)
INSERT INTO transaction(id, date_time, value, destination_account_id, origin_account_id) VALUES(44, '2022-02-23 17:25:00', 105600, 12, 13)
INSERT INTO transaction(id, date_time, value, destination_account_id, origin_account_id) VALUES(45, '2022-02-23 17:25:00', 105600, 12, 13)

INSERT INTO transaction(id, date_time, value, destination_account_id, origin_account_id) VALUES(46, '2022-02-25 20:05:41', 105600, 11, 14)
INSERT INTO transaction(id, date_time, value, destination_account_id, origin_account_id) VALUES(47, '2022-02-25 20:05:41', 105600, 11, 14)
INSERT INTO transaction(id, date_time, value, destination_account_id, origin_account_id) VALUES(48, '2022-02-25 20:05:41', 105600, 11, 14)
INSERT INTO transaction(id, date_time, value, destination_account_id, origin_account_id) VALUES(49, '2022-02-25 20:05:41', 105600, 11, 14)
INSERT INTO transaction(id, date_time, value, destination_account_id, origin_account_id) VALUES(50, '2022-02-25 20:05:41', 105600, 11, 14)

INSERT INTO transaction(id, date_time, value, destination_account_id, origin_account_id) VALUES(51, '2022-02-26 02:05:41', 5600, 8, 2)
INSERT INTO transaction(id, date_time, value, destination_account_id, origin_account_id) VALUES(52, '2022-02-26 02:05:41', 5600, 8, 2)
INSERT INTO transaction(id, date_time, value, destination_account_id, origin_account_id) VALUES(53, '2022-02-26 02:05:41', 5600, 8, 2)
INSERT INTO transaction(id, date_time, value, destination_account_id, origin_account_id) VALUES(54, '2022-02-26 02:05:41', 5600, 8, 2)
INSERT INTO transaction(id, date_time, value, destination_account_id, origin_account_id) VALUES(55, '2022-02-26 02:05:41', 5600, 8, 2)
INSERT INTO transaction(id, date_time, value, destination_account_id, origin_account_id) VALUES(56, '2022-02-26 02:05:41', 5600, 8, 2)
INSERT INTO transaction(id, date_time, value, destination_account_id, origin_account_id) VALUES(57, '2022-02-26 02:05:41', 5600, 8, 2)
INSERT INTO transaction(id, date_time, value, destination_account_id, origin_account_id) VALUES(58, '2022-02-26 02:05:41', 5600, 8, 2)
INSERT INTO transaction(id, date_time, value, destination_account_id, origin_account_id) VALUES(59, '2022-02-26 02:05:41', 5600, 8, 2)
INSERT INTO transaction(id, date_time, value, destination_account_id, origin_account_id) VALUES(60, '2022-02-26 02:05:41', 5600, 8, 2)
INSERT INTO transaction(id, date_time, value, destination_account_id, origin_account_id) VALUES(61, '2022-02-26 02:05:41', 5600, 8, 2)

INSERT INTO transaction(id, date_time, value, destination_account_id, origin_account_id) VALUES(62, '2022-03-01 16:15:37', 10000005600, 7, 4)
INSERT INTO transaction(id, date_time, value, destination_account_id, origin_account_id) VALUES(63, '2022-03-01 16:15:37', 500005600, 7, 4)
INSERT INTO transaction(id, date_time, value, destination_account_id, origin_account_id) VALUES(64, '2022-03-01 16:15:37', 57800005600, 7, 4)
INSERT INTO transaction(id, date_time, value, destination_account_id, origin_account_id) VALUES(65, '2022-03-01 16:15:37', 8005600, 7, 4)

INSERT INTO transaction(id, date_time, value, destination_account_id, origin_account_id) VALUES(66, '2022-03-02 12:19:37', 8005600, 2, 12)
INSERT INTO transaction(id, date_time, value, destination_account_id, origin_account_id) VALUES(67, '2022-03-02 12:19:37', 8005600, 2, 12)
INSERT INTO transaction(id, date_time, value, destination_account_id, origin_account_id) VALUES(68, '2022-03-02 12:19:37', 805600, 2, 12)

INSERT INTO transaction(id, date_time, value, destination_account_id, origin_account_id) VALUES(69, '2022-03-04 23:31:07', 1005600, 3, 14)
INSERT INTO transaction(id, date_time, value, destination_account_id, origin_account_id) VALUES(70, '2022-03-04 23:31:07', 20000005600, 3, 14)
INSERT INTO transaction(id, date_time, value, destination_account_id, origin_account_id) VALUES(71, '2022-03-04 23:31:07', 3005600, 3, 14)
INSERT INTO transaction(id, date_time, value, destination_account_id, origin_account_id) VALUES(72, '2022-03-04 23:31:07', 400005600, 3, 14)

-- Inserindo Importation_Transactions
INSERT INTO importation_transactions(importation_id, transactions_id) VALUES(1, 1)
INSERT INTO importation_transactions(importation_id, transactions_id) VALUES(1, 2)
INSERT INTO importation_transactions(importation_id, transactions_id) VALUES(1, 3)
INSERT INTO importation_transactions(importation_id, transactions_id) VALUES(1, 4)
INSERT INTO importation_transactions(importation_id, transactions_id) VALUES(1, 5)
INSERT INTO importation_transactions(importation_id, transactions_id) VALUES(1, 6)
INSERT INTO importation_transactions(importation_id, transactions_id) VALUES(1, 7)
INSERT INTO importation_transactions(importation_id, transactions_id) VALUES(1, 8)
INSERT INTO importation_transactions(importation_id, transactions_id) VALUES(1, 9)
INSERT INTO importation_transactions(importation_id, transactions_id) VALUES(1, 10)
INSERT INTO importation_transactions(importation_id, transactions_id) VALUES(1, 11)

INSERT INTO importation_transactions(importation_id, transactions_id) VALUES(2, 12)
INSERT INTO importation_transactions(importation_id, transactions_id) VALUES(2, 13)
INSERT INTO importation_transactions(importation_id, transactions_id) VALUES(2, 14)
INSERT INTO importation_transactions(importation_id, transactions_id) VALUES(2, 15)
INSERT INTO importation_transactions(importation_id, transactions_id) VALUES(2, 16)
INSERT INTO importation_transactions(importation_id, transactions_id) VALUES(2, 17)
INSERT INTO importation_transactions(importation_id, transactions_id) VALUES(2, 18)
INSERT INTO importation_transactions(importation_id, transactions_id) VALUES(2, 19)
INSERT INTO importation_transactions(importation_id, transactions_id) VALUES(2, 20)

INSERT INTO importation_transactions(importation_id, transactions_id) VALUES(3, 21)
INSERT INTO importation_transactions(importation_id, transactions_id) VALUES(3, 22)
INSERT INTO importation_transactions(importation_id, transactions_id) VALUES(3, 23)
INSERT INTO importation_transactions(importation_id, transactions_id) VALUES(3, 24)
INSERT INTO importation_transactions(importation_id, transactions_id) VALUES(3, 25)
INSERT INTO importation_transactions(importation_id, transactions_id) VALUES(3, 26)
INSERT INTO importation_transactions(importation_id, transactions_id) VALUES(3, 27)
INSERT INTO importation_transactions(importation_id, transactions_id) VALUES(3, 28)
INSERT INTO importation_transactions(importation_id, transactions_id) VALUES(3, 29)
INSERT INTO importation_transactions(importation_id, transactions_id) VALUES(3, 30)
INSERT INTO importation_transactions(importation_id, transactions_id) VALUES(3, 31)
INSERT INTO importation_transactions(importation_id, transactions_id) VALUES(3, 32)

INSERT INTO importation_transactions(importation_id, transactions_id) VALUES(4, 33)
INSERT INTO importation_transactions(importation_id, transactions_id) VALUES(4, 34)
INSERT INTO importation_transactions(importation_id, transactions_id) VALUES(4, 35)

INSERT INTO importation_transactions(importation_id, transactions_id) VALUES(5, 36)
INSERT INTO importation_transactions(importation_id, transactions_id) VALUES(5, 37)
INSERT INTO importation_transactions(importation_id, transactions_id) VALUES(5, 38)
INSERT INTO importation_transactions(importation_id, transactions_id) VALUES(5, 39)
INSERT INTO importation_transactions(importation_id, transactions_id) VALUES(5, 40)
INSERT INTO importation_transactions(importation_id, transactions_id) VALUES(5, 41)
INSERT INTO importation_transactions(importation_id, transactions_id) VALUES(5, 42)
INSERT INTO importation_transactions(importation_id, transactions_id) VALUES(5, 43)
INSERT INTO importation_transactions(importation_id, transactions_id) VALUES(5, 44)
INSERT INTO importation_transactions(importation_id, transactions_id) VALUES(5, 45)

INSERT INTO importation_transactions(importation_id, transactions_id) VALUES(6, 46)
INSERT INTO importation_transactions(importation_id, transactions_id) VALUES(6, 47)
INSERT INTO importation_transactions(importation_id, transactions_id) VALUES(6, 48)
INSERT INTO importation_transactions(importation_id, transactions_id) VALUES(6, 49)
INSERT INTO importation_transactions(importation_id, transactions_id) VALUES(6, 50)

INSERT INTO importation_transactions(importation_id, transactions_id) VALUES(7, 51)
INSERT INTO importation_transactions(importation_id, transactions_id) VALUES(7, 52)
INSERT INTO importation_transactions(importation_id, transactions_id) VALUES(7, 53)
INSERT INTO importation_transactions(importation_id, transactions_id) VALUES(7, 54)
INSERT INTO importation_transactions(importation_id, transactions_id) VALUES(7, 55)
INSERT INTO importation_transactions(importation_id, transactions_id) VALUES(7, 56)
INSERT INTO importation_transactions(importation_id, transactions_id) VALUES(7, 57)
INSERT INTO importation_transactions(importation_id, transactions_id) VALUES(7, 58)
INSERT INTO importation_transactions(importation_id, transactions_id) VALUES(7, 59)
INSERT INTO importation_transactions(importation_id, transactions_id) VALUES(7, 60)
INSERT INTO importation_transactions(importation_id, transactions_id) VALUES(7, 61)

INSERT INTO importation_transactions(importation_id, transactions_id) VALUES(8, 62)
INSERT INTO importation_transactions(importation_id, transactions_id) VALUES(8, 63)
INSERT INTO importation_transactions(importation_id, transactions_id) VALUES(8, 64)
INSERT INTO importation_transactions(importation_id, transactions_id) VALUES(8, 65)

INSERT INTO importation_transactions(importation_id, transactions_id) VALUES(9, 66)
INSERT INTO importation_transactions(importation_id, transactions_id) VALUES(9, 67)
INSERT INTO importation_transactions(importation_id, transactions_id) VALUES(9, 68)

INSERT INTO importation_transactions(importation_id, transactions_id) VALUES(10, 69)
INSERT INTO importation_transactions(importation_id, transactions_id) VALUES(10, 70)
INSERT INTO importation_transactions(importation_id, transactions_id) VALUES(10, 71)
INSERT INTO importation_transactions(importation_id, transactions_id) VALUES(10, 72)